{"stat.pickup.minecraft.bone":2,"stat.leaveGame":2,"stat.useItem.harvestcraft.amaranthitem":3,"stat.mineBlock.minecraft.cobblestone":30,"stat.pickup.gravestone.death_info":16,"stat.useItem.minecraft.mutton":5,"stat.swimOneCm":4723,"stat.pickup.zawa.worm":4,"stat.pickup.harvestcraft.artichokeitem":6,"stat.climbOneCm":4129,"stat.useItem.minecraft.planks":37,"stat.drop.minecraft.cobblestone":1,"stat.pickup.minecraft.porkchop":12,"stat.mineBlock.gravestone.gravestone":7,"stat.useItem.minecraft.dirt":32,"stat.useItem.minecraft.stone_slab2":51,"stat.useItem.harvestcraft.wintersquashitem":1,"stat.pickup.minecraft.sand":2,"stat.craftItem.minecraft.furnace":1,"stat.useItem.minecraft.egg":2,"stat.entityKilledBy.primitivemobs.rocket_creeper":1,"stat.entityKilledBy.primitivemobs.skeleton_warrior":3,"stat.craftItem.minecraft.stone_pickaxe":3,"stat.pickup.harvestcraft.wintersquashitem":1,"stat.pickup.minecraft.cobblestone":782,"stat.flyOneCm":343644,"stat.mineBlock.minecraft.sand":2,"stat.drop.minecraft.wheat_seeds":28,"stat.pickup.minecraft.redstone":4,"stat.mineBlock.minecraft.iron_ore":30,"stat.timeSinceDeath":25124,"stat.useItem.minecraft.iron_pickaxe":8,"stat.craftItem.minecraft.wooden_pickaxe":4,"stat.pickup.minecraft.mutton":13,"stat.mineBlock.biomesoplenty.dirt":2,"stat.craftItem.minecraft.bed":1,"stat.drop.gravestone.death_info":24,"stat.pickup.harvestcraft.onionitem":5,"stat.useItem.minecraft.potato":1,"stat.pickup.minecraft.wooden_axe":4,"stat.useItem.harvestcraft.cornitem":3,"stat.furnaceInteraction":12,"stat.drop.minecraft.dirt":19,"stat.pickup.harvestcraft.cornitem":12,"stat.mineBlock.minecraft.coal_ore":64,"stat.pickup.minecraft.furnace":2,"stat.entityKilledBy.Skeleton":1,"stat.useItem.harvestcraft.cucumberitem":4,"stat.sprintOneCm":173203,"stat.pickup.biomesoplenty.flower_0":3,"stat.craftItem.minecraft.wooden_axe":2,"stat.craftItem.minecraft.stick":16,"stat.entityKilledBy.mutantbeasts.mutant_skeleton":6,"stat.pickup.harvestcraft.barleyitem":18,"stat.mineBlock.minecraft.crafting_table":12,"stat.useItem.minecraft.carrot":21,"stat.pickup.dynamictrees.oakseed":1,"stat.mineBlock.minecraft.oak_stairs":1,"stat.pickup.harvestcraft.mustardseedsitem":12,"stat.deaths":24,"stat.mineBlock.minecraft.planks":31,"stat.entityKilledBy.wild_dog":5,"stat.drop":79,"stat.pickup.minecraft.egg":4,"stat.pickup.harvestcraft.flaxitem":24,"stat.playOneMinute":154692,"stat.killEntity.Sheep":2,"stat.craftItem.minecraft.iron_pickaxe":1,"stat.killEntity.Zombie":3,"stat.pickup.zawa.care_guide":4,"stat.entityKilledBy.rat":1,"stat.mineBlock.minecraft.tallgrass":13,"stat.diveOneCm":1349,"stat.pickup.minecraft.wheat":30,"stat.chestOpened":1,"stat.useItem.minecraft.stone":27,"stat.drop.minecraft.wooden_pickaxe":1,"stat.pickup.minecraft.gravel":6,"stat.pickup.minecraft.arrow":2,"stat.useItem.minecraft.porkchop":3,"stat.pickup.harvestcraft.chilipepperitem":42,"stat.jump":2208,"stat.useItem.minecraft.sand":1,"stat.pickup.minecraft.coal":270,"stat.fallOneCm":59632,"stat.pickup.minecraft.iron_ingot":8,"stat.pickup.minecraft.carrot":139,"stat.crouchOneCm":7676,"stat.useItem.harvestcraft.chilipepperitem":4,"stat.pickup.harvestcraft.peanutitem":7,"stat.craftItem.minecraft.torch":4,"stat.useItem.harvestcraft.bellpepperitem":2,"stat.pickup.minecraft.dirt":111,"stat.pickup.harvestcraft.bellpepperitem":2,"stat.craftingTableInteraction":21,"stat.pickup.minecraft.iron_ore":124,"stat.pickup.iceandfire.silver_ore":2,"stat.mineBlock.minecraft.glass_pane":1,"stat.drop.zawa.worm":2,"stat.pickup.minecraft.wooden_pickaxe":2,"stat.damageTaken":7684,"stat.mineBlock.minecraft.torch":17,"stat.mineBlock.minecraft.furnace":1,"stat.useItem.minecraft.wooden_pickaxe":192,"stat.mineBlock.biomesoplenty.plant_1":1,"stat.mineBlock.biomesoplenty.plant_0":22,"stat.useItem.harvestcraft.mustardseedsitem":8,"stat.pickup.minecraft.planks":548,"stat.pickup.minecraft.bed":4,"stat.pickup.minecraft.wheat_seeds":142,"stat.pickup.minecraft.potato":3,"stat.pickup.minecraft.oak_stairs":2,"stat.entityKilledBy.Zombie":3,"stat.mineBlock.biomesoplenty.gem_ore":1,"stat.mineBlock.minecraft.gravel":6,"stat.useItem.minecraft.stone_pickaxe":393,"stat.damageDealt":937,"stat.sleepInBed":2,"stat.craftItem.minecraft.baked_potato":3,"stat.pickup.harvestcraft.lettuceitem":4,"stat.useItem.biomesoplenty.berries":3,"stat.mineBlock.minecraft.dirt":20,"stat.killEntity.Pig":2,"stat.walkOneCm":261389,"stat.useItem.minecraft.torch":21,"stat.pickup.minecraft.stick":5,"stat.mineBlock.iceandfire.silver_ore":2,"stat.pickup.minecraft.crafting_table":20,"stat.useItem.minecraft.cobblestone":225,"stat.craftItem.minecraft.crafting_table":1,"stat.useItem.minecraft.gravel":5,"stat.entityKilledBy.primitivemobs.trollager":2,"stat.pickup.minecraft.log":24,"stat.drop.minecraft.carrot":1,"stat.pickup.minecraft.stone":43,"stat.pickup.minecraft.baked_potato":8,"stat.drop.minecraft.potato":2,"stat.pickup.minecraft.apple":6,"stat.pickup.minecraft.beetroot":4,"stat.pickup.harvestcraft.parsnipitem":4,"stat.pickup.harvestcraft.amaranthitem":3,"stat.pickup.biomesoplenty.gem":1,"stat.craftItem.minecraft.planks":96,"stat.useItem.harvestcraft.parsnipitem":1,"stat.useItem.harvestcraft.artichokeitem":2,"stat.pickup.harvestcraft.cucumberitem":12,"stat.pickup.harvestcraft.strawberryitem":24,"stat.pickup.biomesoplenty.berries":15,"stat.mobKills":7,"stat.pickup.minecraft.book":108,"stat.mineBlock.minecraft.log":14,"stat.mineBlock.minecraft.bookshelf":6,"stat.useItem.biomesoplenty.dirt":1,"stat.pickup.minecraft.beetroot_seeds":60,"stat.pickup.biomesoplenty.dirt":2,"stat.pickup.minecraft.torch":34,"stat.pickup.minecraft.red_flower":1,"stat.mineBlock.minecraft.redstone_ore":1,"stat.sneakTime":4492,"stat.pickup.minecraft.wool":8,"stat.useItem.minecraft.baked_potato":8,"stat.useItem.minecraft.wooden_axe":75,"stat.mineBlock.minecraft.stone":455,"stat.useItem.minecraft.beetroot":4,"stat.drop.minecraft.wooden_axe":1}