{"stat.chestOpened":1,"stat.useItem.minecraft.stone":23,"stat.pickup.minecraft.gravel":6,"stat.leaveGame":1,"stat.useItem.harvestcraft.amaranthitem":3,"stat.mineBlock.minecraft.cobblestone":11,"stat.useItem.minecraft.porkchop":3,"stat.pickup.gravestone.death_info":15,"stat.pickup.harvestcraft.chilipepperitem":35,"stat.useItem.minecraft.mutton":5,"stat.swimOneCm":3834,"stat.pickup.zawa.worm":4,"stat.jump":1725,"stat.useItem.minecraft.sand":1,"stat.pickup.minecraft.coal":176,"stat.fallOneCm":52103,"stat.pickup.harvestcraft.artichokeitem":6,"stat.climbOneCm":4129,"stat.useItem.minecraft.planks":24,"stat.drop.minecraft.cobblestone":1,"stat.pickup.minecraft.carrot":103,"stat.pickup.minecraft.porkchop":12,"stat.crouchOneCm":7057,"stat.mineBlock.gravestone.gravestone":6,"stat.pickup.harvestcraft.peanutitem":7,"stat.craftItem.minecraft.torch":4,"stat.useItem.harvestcraft.bellpepperitem":2,"stat.pickup.minecraft.dirt":70,"stat.useItem.minecraft.dirt":15,"stat.useItem.minecraft.stone_slab2":37,"stat.pickup.harvestcraft.bellpepperitem":2,"stat.craftingTableInteraction":11,"stat.pickup.minecraft.iron_ore":85,"stat.useItem.harvestcraft.wintersquashitem":1,"stat.pickup.minecraft.sand":2,"stat.mineBlock.minecraft.glass_pane":1,"stat.entityKilledBy.primitivemobs.skeleton_warrior":2,"stat.drop.zawa.worm":2,"stat.damageTaken":5914,"stat.craftItem.minecraft.stone_pickaxe":2,"stat.mineBlock.minecraft.torch":7,"stat.useItem.minecraft.wooden_pickaxe":59,"stat.pickup.harvestcraft.wintersquashitem":1,"stat.pickup.minecraft.cobblestone":572,"stat.mineBlock.biomesoplenty.plant_1":1,"stat.mineBlock.biomesoplenty.plant_0":20,"stat.useItem.harvestcraft.mustardseedsitem":8,"stat.pickup.minecraft.planks":417,"stat.flyOneCm":216254,"stat.pickup.minecraft.bed":4,"stat.pickup.minecraft.wheat_seeds":122,"stat.mineBlock.minecraft.sand":2,"stat.pickup.minecraft.potato":3,"stat.pickup.minecraft.oak_stairs":2,"stat.entityKilledBy.Zombie":3,"stat.drop.minecraft.wheat_seeds":25,"stat.mineBlock.minecraft.gravel":6,"stat.useItem.minecraft.stone_pickaxe":262,"stat.damageDealt":853,"stat.mineBlock.minecraft.iron_ore":17,"stat.sleepInBed":2,"stat.timeSinceDeath":4094,"stat.craftItem.minecraft.baked_potato":3,"stat.pickup.harvestcraft.lettuceitem":4,"stat.useItem.biomesoplenty.berries":3,"stat.mineBlock.minecraft.dirt":9,"stat.craftItem.minecraft.wooden_pickaxe":1,"stat.killEntity.Pig":2,"stat.pickup.minecraft.mutton":13,"stat.mineBlock.biomesoplenty.dirt":2,"stat.walkOneCm":208435,"stat.craftItem.minecraft.bed":1,"stat.useItem.minecraft.torch":13,"stat.drop.gravestone.death_info":22,"stat.pickup.minecraft.stick":5,"stat.pickup.harvestcraft.onionitem":5,"stat.useItem.minecraft.potato":1,"stat.pickup.minecraft.wooden_axe":3,"stat.useItem.harvestcraft.cornitem":3,"stat.pickup.minecraft.crafting_table":13,"stat.useItem.minecraft.cobblestone":225,"stat.craftItem.minecraft.crafting_table":1,"stat.furnaceInteraction":10,"stat.useItem.minecraft.gravel":5,"stat.drop.minecraft.dirt":19,"stat.pickup.harvestcraft.cornitem":12,"stat.mineBlock.minecraft.coal_ore":36,"stat.entityKilledBy.primitivemobs.trollager":2,"stat.pickup.minecraft.log":24,"stat.drop.minecraft.carrot":1,"stat.pickup.minecraft.stone":27,"stat.pickup.minecraft.baked_potato":8,"stat.drop.minecraft.potato":2,"stat.useItem.harvestcraft.cucumberitem":4,"stat.sprintOneCm":122529,"stat.pickup.biomesoplenty.flower_0":3,"stat.pickup.minecraft.apple":5,"stat.craftItem.minecraft.wooden_axe":1,"stat.craftItem.minecraft.stick":4,"stat.pickup.minecraft.beetroot":4,"stat.entityKilledBy.mutantbeasts.mutant_skeleton":6,"stat.pickup.harvestcraft.parsnipitem":4,"stat.pickup.harvestcraft.amaranthitem":3,"stat.craftItem.minecraft.planks":96,"stat.useItem.harvestcraft.parsnipitem":1,"stat.pickup.harvestcraft.barleyitem":15,"stat.useItem.harvestcraft.artichokeitem":2,"stat.pickup.harvestcraft.cucumberitem":12,"stat.mineBlock.minecraft.crafting_table":7,"stat.pickup.harvestcraft.strawberryitem":20,"stat.pickup.biomesoplenty.berries":11,"stat.useItem.minecraft.carrot":12,"stat.mobKills":7,"stat.pickup.dynamictrees.oakseed":1,"stat.pickup.minecraft.book":90,"stat.mineBlock.minecraft.log":14,"stat.mineBlock.minecraft.bookshelf":6,"stat.mineBlock.minecraft.oak_stairs":1,"stat.pickup.harvestcraft.mustardseedsitem":12,"stat.useItem.biomesoplenty.dirt":1,"stat.deaths":18,"stat.mineBlock.minecraft.planks":18,"stat.entityKilledBy.wild_dog":2,"stat.drop":73,"stat.pickup.minecraft.beetroot_seeds":50,"stat.pickup.harvestcraft.flaxitem":20,"stat.playOneMinute":110636,"stat.pickup.biomesoplenty.dirt":2,"stat.pickup.minecraft.torch":22,"stat.killEntity.Sheep":2,"stat.pickup.minecraft.red_flower":1,"stat.sneakTime":4043,"stat.pickup.minecraft.wool":8,"stat.useItem.minecraft.baked_potato":8,"stat.killEntity.Zombie":3,"stat.pickup.zawa.care_guide":2,"stat.useItem.minecraft.wooden_axe":58,"stat.entityKilledBy.rat":1,"stat.mineBlock.minecraft.stone":250,"stat.mineBlock.minecraft.tallgrass":13,"stat.diveOneCm":1349,"stat.useItem.minecraft.beetroot":4,"stat.drop.minecraft.wooden_axe":1,"stat.pickup.minecraft.wheat":22}