{"stat.pickup.minecraft.bone":16,"stat.leaveGame":2,"stat.useItem.harvestcraft.amaranthitem":3,"stat.mineBlock.minecraft.cobblestone":13,"stat.pickup.minecraft.stone_pickaxe":2,"stat.pickup.gravestone.death_info":16,"stat.drop.zawa.peach_flower":1,"stat.swimOneCm":10403,"stat.pickup.zawa.worm":1,"stat.climbOneCm":1383,"stat.useItem.minecraft.planks":5,"stat.pickup.harvestcraft.artichokeitem":14,"stat.useItem.harvestcraft.strawberryitem":5,"stat.mineBlock.gravestone.gravestone":6,"stat.entityKilledBy.mutantbeasts.mutant_zombie":1,"stat.useItem.minecraft.dirt":38,"stat.useItem.minecraft.stone_slab2":37,"stat.useItem.harvestcraft.barleyitem":3,"stat.pickup.minecraft.iron_boots":3,"stat.killEntity.primitivemobs.skeleton_warrior":1,"stat.useItem.harvestcraft.wintersquashitem":3,"stat.pickup.minecraft.rotten_flesh":3,"stat.drop.animalium.wild_dog_pelt":1,"stat.craftItem.minecraft.stone_axe":1,"stat.killEntity.primitivemobs.festive_creeper":1,"stat.pickup.animalium.wild_dog_pelt":1,"stat.pickup.harvestcraft.sweetpotatoitem":1,"stat.pickup.animalium.rat_meat":1,"stat.craftItem.minecraft.stone_pickaxe":2,"stat.pickup.harvestcraft.wintersquashitem":13,"stat.pickup.minecraft.cobblestone":212,"stat.craftItem.minecraft.stone_sword":1,"stat.flyOneCm":378064,"stat.drop.minecraft.wheat_seeds":17,"stat.drop.harvestcraft.mustardseedsitem":4,"stat.pickup.harvestcraft.scallionitem":3,"stat.pickup.harvestcraft.leekitem":2,"stat.timeSinceDeath":246,"stat.useItem.harvestcraft.peanutitem":4,"stat.craftItem.minecraft.wooden_pickaxe":2,"stat.pickup.minecraft.mutton":13,"stat.pickup.harvestcraft.rhubarbitem":3,"stat.mineBlock.biomesoplenty.dirt":14,"stat.craftItem.minecraft.bed":1,"stat.pickup.harvestcraft.whitemushroomitem":1,"stat.drop.gravestone.death_info":20,"stat.drop.animalium.rat_meat":1,"stat.pickup.harvestcraft.beanitem":1,"stat.pickup.harvestcraft.onionitem":14,"stat.useItem.harvestcraft.cornitem":1,"stat.furnaceInteraction":28,"stat.drop.minecraft.dirt":1,"stat.pickup.harvestcraft.cornitem":18,"stat.mineBlock.minecraft.coal_ore":62,"stat.talkedToVillager":4,"stat.drop.minecraft.baked_potato":5,"stat.pickup.harvestcraft.turnipitem":2,"stat.pickup.minecraft.furnace":6,"stat.useItem.minecraft.cooked_mutton":7,"stat.craftItem.minecraft.stone_slab2":0,"stat.mineBlock.harvestcraft.windygarden":58,"stat.killEntity.rat":3,"stat.sprintOneCm":204260,"stat.pickup.biomesoplenty.flower_0":2,"stat.mineBlock.biomesoplenty.flower_0":2,"stat.mineBlock.biomesoplenty.grass":7,"stat.craftItem.minecraft.stick":26,"stat.entityKilledBy.mutantbeasts.mutant_skeleton":2,"stat.pickup.harvestcraft.barleyitem":19,"stat.mineBlock.minecraft.crafting_table":3,"stat.useItem.minecraft.carrot":15,"stat.useItem.minecraft.wheat":2,"stat.pickup.dynamictrees.oakseed":6,"stat.pickup.harvestcraft.mustardseedsitem":21,"stat.deaths":18,"stat.entityKilledBy.wild_dog":12,"stat.drop.harvestcraft.artichokeitem":1,"stat.drop":57,"stat.pickup.harvestcraft.flaxitem":21,"stat.playOneMinute":106008,"stat.pickup.zawa.peach_flower":1,"stat.killEntity.Sheep":5,"stat.pickup.zawa.care_guide":2,"stat.entityKilledBy.rat":1,"stat.mineBlock.minecraft.tallgrass":58,"stat.craftItem.minecraft.cooked_mutton":7,"stat.diveOneCm":5226,"stat.pickup.minecraft.wheat":12,"stat.pickup.harvestcraft.garlicitem":2,"stat.chestOpened":1,"stat.pickup.harvestcraft.tomatoitem":1,"stat.pickup.minecraft.arrow":8,"stat.pickup.minecraft.stone_axe":3,"stat.pickup.harvestcraft.chilipepperitem":23,"stat.drop.minecraft.apple":1,"stat.jump":2128,"stat.pickup.minecraft.fence":1,"stat.pickup.minecraft.coal":74,"stat.fallOneCm":56699,"stat.pickup.minecraft.carrot":22,"stat.useItem.minecraft.stone_axe":21,"stat.pickup.minecraft.gunpowder":2,"stat.crouchOneCm":18803,"stat.useItem.harvestcraft.chilipepperitem":9,"stat.pickup.harvestcraft.peanutitem":16,"stat.mineBlock.harvestcraft.shadedgarden":7,"stat.useItem.harvestcraft.bellpepperitem":3,"stat.pickup.minecraft.dirt":79,"stat.pickup.harvestcraft.bellpepperitem":11,"stat.craftingTableInteraction":9,"stat.drop.zawa.worm":1,"stat.damageTaken":6616,"stat.useItem.harvestcraft.flaxitem":6,"stat.mineBlock.minecraft.furnace":3,"stat.useItem.minecraft.wooden_pickaxe":59,"stat.mineBlock.biomesoplenty.plant_0":153,"stat.useItem.harvestcraft.mustardseedsitem":4,"stat.pickup.minecraft.planks":215,"stat.useItem.harvestcraft.lettuceitem":2,"stat.pickup.minecraft.bed":3,"stat.pickup.minecraft.wheat_seeds":69,"stat.pickup.minecraft.potato":38,"stat.useItem.minecraft.stone_pickaxe":72,"stat.useItem.minecraft.stone_sword":141,"stat.damageDealt":2910,"stat.sleepInBed":1,"stat.craftItem.minecraft.baked_potato":29,"stat.pickup.harvestcraft.lettuceitem":7,"stat.useItem.biomesoplenty.berries":4,"stat.mineBlock.minecraft.dirt":44,"stat.useItem.minecraft.crafting_table":1,"stat.pickup.harvestcraft.elderberryitem":4,"stat.useItem.harvestcraft.onionitem":4,"stat.walkOneCm":255237,"stat.useItem.minecraft.bread":2,"stat.drop.minecraft.wheat":2,"stat.pickup.minecraft.stick":16,"stat.pickup.minecraft.crafting_table":7,"stat.useItem.minecraft.cobblestone":14,"stat.craftItem.minecraft.crafting_table":1,"stat.mineBlock.minecraft.double_plant":1,"stat.useItem.dynamictrees.oakseed":4,"stat.pickup.minecraft.log":30,"stat.pickup.minecraft.baked_potato":1,"stat.killEntity.Skeleton":2,"stat.pickup.harvestcraft.parsnipitem":9,"stat.pickup.minecraft.coal_block":18,"stat.killEntity.wild_dog":3,"stat.pickup.harvestcraft.amaranthitem":6,"stat.useItem.harvestcraft.parsnipitem":5,"stat.craftItem.minecraft.planks":120,"stat.pickup.harvestcraft.cucumberitem":20,"stat.killEntity.Spider":1,"stat.pickup.harvestcraft.strawberryitem":10,"stat.pickup.biomesoplenty.berries":8,"stat.pickup.minecraft.stone_sword":3,"stat.drop.biomesoplenty.flower_0":1,"stat.mobKills":17,"stat.mineBlock.minecraft.log":19,"stat.useItem.biomesoplenty.dirt":49,"stat.useItem.harvestcraft.elderberryitem":2,"stat.pickup.biomesoplenty.dirt":214,"stat.pickup.harvestcraft.juteitem":2,"stat.sneakTime":6733,"stat.pickup.harvestcraft.tealeafitem":3,"stat.pickup.minecraft.wool":5,"stat.craftItem.minecraft.coal_block":6,"stat.useItem.minecraft.baked_potato":24,"stat.mineBlock.zawa.peach_flower":1,"stat.drop.zawa.care_guide":1,"stat.mineBlock.minecraft.stone":54}