{"stat.leaveGame":4,"stat.mineBlock.minecraft.cobblestone":14,"stat.pickup.minecraft.stone_pickaxe":8,"stat.pickup.minecraft.leather_chestplate":7,"stat.pickup.gravestone.death_info":23,"stat.useItem.minecraft.mutton":2,"stat.swimOneCm":947,"stat.pickup.zawa.worm":4,"stat.climbOneCm":2902,"stat.mineBlock.gravestone.gravestone":12,"stat.useItem.minecraft.dirt":17,"stat.useItem.minecraft.stone_slab2":8,"stat.pickup.minecraft.rotten_flesh":2,"stat.craftItem.minecraft.stone_axe":1,"stat.entityKilledBy.primitivemobs.skeleton_warrior":4,"stat.pickup.animalium.rat_meat":1,"stat.craftItem.minecraft.stone_pickaxe":1,"stat.pickup.minecraft.cobblestone":104,"stat.drop.minecraft.fence":1,"stat.craftItem.minecraft.stone_sword":1,"stat.flyOneCm":272082,"stat.drop.minecraft.wheat_seeds":1,"stat.killEntity.Villager":1,"stat.timeSinceDeath":17921,"stat.useItem.harvestcraft.peanutitem":1,"stat.craftItem.minecraft.wooden_pickaxe":1,"stat.pickup.minecraft.mutton":2,"stat.mineBlock.biomesoplenty.dirt":2,"stat.drop.gravestone.death_info":9,"stat.pickup.harvestcraft.onionitem":10,"stat.furnaceInteraction":2,"stat.drop.minecraft.dirt":3,"stat.mineBlock.minecraft.coal_ore":2,"stat.talkedToVillager":3,"stat.entityKilledBy.Skeleton":2,"stat.entityKilledBy.primitivemobs.goblin":1,"stat.sprintOneCm":153187,"stat.craftItem.minecraft.stick":24,"stat.mineBlock.biomesoplenty.grass":1,"stat.entityKilledBy.mutantbeasts.mutant_skeleton":3,"stat.killEntity.Horse":2,"stat.mineBlock.minecraft.fence":1,"stat.mineBlock.minecraft.crafting_table":4,"stat.deaths":15,"stat.mineBlock.minecraft.planks":4,"stat.entityKilledBy.wild_dog":2,"stat.drop":14,"stat.playOneMinute":87647,"stat.craftItem.minecraft.leather_chestplate":1,"stat.pickup.zawa.care_guide":4,"stat.mineBlock.minecraft.tallgrass":5,"stat.diveOneCm":425,"stat.pickup.minecraft.wheat":78,"stat.chestOpened":2,"stat.pickup.minecraft.stone_axe":8,"stat.useItem.minecraft.rotten_flesh":1,"stat.jump":1673,"stat.pickup.minecraft.fence":1,"stat.pickup.minecraft.coal":10,"stat.fallOneCm":47808,"stat.useItem.minecraft.stone_axe":45,"stat.crouchOneCm":8054,"stat.pickup.harvestcraft.peanutitem":19,"stat.pickup.minecraft.dirt":97,"stat.craftingTableInteraction":8,"stat.mineBlock.minecraft.glass_pane":2,"stat.pickup.minecraft.wooden_pickaxe":1,"stat.damageTaken":4249,"stat.pickup.minecraft.leather":8,"stat.useItem.minecraft.wooden_pickaxe":14,"stat.mineBlock.biomesoplenty.plant_0":11,"stat.pickup.minecraft.planks":35,"stat.useItem.harvestcraft.lettuceitem":4,"stat.killEntity.Llama":4,"stat.pickup.minecraft.wheat_seeds":141,"stat.pickup.minecraft.potato":6,"stat.pickup.minecraft.oak_stairs":2,"stat.useItem.minecraft.stone_pickaxe":17,"stat.useItem.minecraft.stone_sword":3,"stat.damageDealt":2085,"stat.pickup.harvestcraft.lettuceitem":4,"stat.mineBlock.minecraft.dirt":6,"stat.useItem.animalium.rat_meat":1,"stat.useItem.harvestcraft.onionitem":5,"stat.walkOneCm":155960,"stat.pickup.minecraft.stick":138,"stat.pickup.minecraft.crafting_table":12,"stat.useItem.minecraft.cobblestone":1,"stat.craftItem.minecraft.crafting_table":2,"stat.pickup.minecraft.log":10,"stat.killEntity.primitivemobs.traveling_merchant":1,"stat.craftItem.minecraft.planks":28,"stat.pickup.minecraft.stone_sword":8,"stat.mobKills":8,"stat.mineBlock.minecraft.log":4,"stat.useItem.biomesoplenty.dirt":2,"stat.pickup.minecraft.beetroot_seeds":10,"stat.pickup.biomesoplenty.dirt":119,"stat.sneakTime":1698,"stat.pickup.minecraft.wool":8,"stat.mineBlock.minecraft.stone":10}