{"stat.leaveGame":5,"stat.mineBlock.minecraft.cobblestone":14,"stat.pickup.minecraft.stone_pickaxe":12,"stat.pickup.minecraft.leather_chestplate":11,"stat.pickup.gravestone.death_info":59,"stat.useItem.minecraft.mutton":2,"stat.swimOneCm":947,"stat.pickup.zawa.worm":14,"stat.climbOneCm":2902,"stat.mineBlock.gravestone.gravestone":38,"stat.useItem.minecraft.dirt":27,"stat.useItem.minecraft.stone_slab2":11,"stat.pickup.minecraft.rotten_flesh":3,"stat.entityKilledBy.Spider":1,"stat.pickup.zawa.carnivore_meat_raw":1,"stat.craftItem.minecraft.stone_axe":1,"stat.entityKilledBy.primitivemobs.rocket_creeper":2,"stat.entityKilledBy.primitivemobs.skeleton_warrior":8,"stat.pickup.animalium.rat_meat":1,"stat.craftItem.minecraft.stone_pickaxe":1,"stat.pickup.minecraft.cobblestone":168,"stat.drop.minecraft.fence":1,"stat.craftItem.minecraft.stone_sword":1,"stat.flyOneCm":476487,"stat.drop.minecraft.wheat_seeds":1,"stat.killEntity.Villager":1,"stat.timeSinceDeath":387,"stat.useItem.harvestcraft.peanutitem":1,"stat.craftItem.minecraft.wooden_pickaxe":1,"stat.pickup.minecraft.mutton":2,"stat.mineBlock.biomesoplenty.dirt":2,"stat.drop.gravestone.death_info":16,"stat.pickup.harvestcraft.onionitem":10,"stat.furnaceInteraction":2,"stat.drop.minecraft.dirt":4,"stat.mineBlock.minecraft.coal_ore":2,"stat.talkedToVillager":3,"stat.entityKilledBy.Skeleton":2,"stat.entityKilledBy.primitivemobs.goblin":1,"stat.sprintOneCm":251336,"stat.craftItem.minecraft.stick":24,"stat.mineBlock.biomesoplenty.grass":3,"stat.entityKilledBy.mutantbeasts.mutant_skeleton":3,"stat.killEntity.Horse":2,"stat.mineBlock.minecraft.fence":1,"stat.mineBlock.minecraft.crafting_table":4,"stat.deaths":29,"stat.mineBlock.minecraft.planks":5,"stat.entityKilledBy.wild_dog":8,"stat.drop":23,"stat.playOneMinute":135054,"stat.craftItem.minecraft.leather_chestplate":1,"stat.pickup.zawa.care_guide":9,"stat.entityKilledBy.rat":1,"stat.mineBlock.minecraft.tallgrass":7,"stat.diveOneCm":425,"stat.pickup.minecraft.wheat":130,"stat.chestOpened":2,"stat.pickup.minecraft.stone_axe":12,"stat.useItem.minecraft.rotten_flesh":1,"stat.jump":2345,"stat.pickup.minecraft.fence":1,"stat.pickup.minecraft.coal":18,"stat.fallOneCm":69054,"stat.pickup.zawa.tiger_fur":1,"stat.useItem.minecraft.stone_axe":45,"stat.crouchOneCm":10078,"stat.pickup.harvestcraft.peanutitem":43,"stat.pickup.minecraft.dirt":131,"stat.craftingTableInteraction":8,"stat.mineBlock.minecraft.glass_pane":2,"stat.pickup.minecraft.wooden_pickaxe":3,"stat.damageTaken":7661,"stat.pickup.minecraft.leather":8,"stat.useItem.minecraft.wooden_pickaxe":14,"stat.mineBlock.biomesoplenty.plant_0":23,"stat.pickup.minecraft.planks":72,"stat.useItem.harvestcraft.lettuceitem":4,"stat.killEntity.Llama":4,"stat.pickup.minecraft.wheat_seeds":144,"stat.pickup.minecraft.potato":14,"stat.pickup.minecraft.oak_stairs":6,"stat.useItem.minecraft.stone_pickaxe":17,"stat.useItem.minecraft.stone_sword":3,"stat.damageDealt":2085,"stat.pickup.harvestcraft.lettuceitem":4,"stat.mineBlock.minecraft.dirt":13,"stat.useItem.animalium.rat_meat":1,"stat.useItem.harvestcraft.onionitem":5,"stat.walkOneCm":208105,"stat.pickup.minecraft.stick":208,"stat.drop.minecraft.rotten_flesh":1,"stat.pickup.minecraft.crafting_table":16,"stat.useItem.minecraft.cobblestone":1,"stat.craftItem.minecraft.crafting_table":2,"stat.mineBlock.minecraft.double_plant":2,"stat.pickup.minecraft.log":10,"stat.killEntity.primitivemobs.traveling_merchant":1,"stat.craftItem.minecraft.planks":28,"stat.pickup.minecraft.stone_sword":12,"stat.mobKills":8,"stat.mineBlock.minecraft.log":4,"stat.useItem.biomesoplenty.dirt":2,"stat.pickup.minecraft.beetroot_seeds":10,"stat.pickup.biomesoplenty.dirt":121,"stat.sneakTime":2237,"stat.pickup.minecraft.wool":8,"stat.mineBlock.minecraft.stone":10}